FarFromStation,Age,Price,ManagementPrice,TotalPrice
55,26,8.5,0.3,8.8
5,33,8.2,0.5,8.7
11,23,7.3,0.3,7.6
14,17,7.5,0.2,7.7
8,30,7.8,0.2,8.0
10,26,9.4,0.45,9.85
12,28,7.0,0.3,7.3
7,34,6.6,0.2,6.8
8,40,7.9,0.3,8.200000000000001
3,37,7.2,0.3,7.5
12,34,5.9,0.4,6.300000000000001
12,35,5.6,0.8,6.3999999999999995
17,32,7.6,0.3,7.8999999999999995
14,36,6.2,0.25,6.45
18,36,8.5,0.3,8.8
10,15,8.0,0.0,8.0
11,15,8.0,0.0,8.0
10,24,7.4,0.3,7.7
12,17,7.8,0.2,8.0
9,5,9.95,1.45,11.399999999999999
11,23,7.3,0.3,7.6
11,23,7.3,0.3,7.6
8,26,7.6,0.5,8.1
8,26,7.6,0.5,8.1
10,5,9.95,1.45,11.399999999999999
10,5,9.95,1.45,11.399999999999999
9,30,7.8,0.2,8.0
5,26,7.6,0.5,8.1
10,27,6.5,0.3,6.8
8,30,7.8,0.2,8.0
8,29,6.7,0.0,6.7
10,31,7.0,0.4,7.4
9,34,7.3,0.2,7.5
8,33,7.3,0.0,7.3
9,26,9.4,0.45,9.85
12,27,7.0,0.3,7.3
10,26,9.2,0.45,9.649999999999999
6,12,10.6,0.3,10.9
10,26,9.4,0.45,9.85
12,28,7.9,0.3,8.200000000000001
7,34,7.5,0.0,7.5
13,28,7.4,0.55,7.95
13,28,7.4,0.55,7.95
13,27,7.0,0.3,7.3
3,26,8.3,0.0,8.3
3,26,8.3,0.0,8.3
3,26,8.3,0.0,8.3
3,26,8.3,0.0,8.3
3,26,8.3,0.0,8.3
10,34,6.7,0.3,7.0
2,27,8.0,0.0,8.0
2,26,8.3,0.0,8.3
2,26,8.3,0.0,8.3
3,22,9.5,0.5,10.0
12,23,9.65,0.35,10.0
12,28,8.6,0.3,8.9
12,28,8.7,0.3,9.0
12,28,8.7,0.3,9.0
2,27,8.3,0.2,8.5
4,32,7.9,0.0,7.9
9,39,7.0,0.0,7.0
6,35,7.0,0.0,7.0
13,32,7.5,0.4,7.9
13,32,7.5,0.4,7.9
13,32,7.5,0.4,7.9
13,32,7.5,0.4,7.9
13,32,7.5,0.4,7.9
12,26,9.4,0.45,9.85
2,30,7.9,0.7,8.6
2,30,7.9,0.7,8.6
5,33,8.2,0.5,8.7
9,40,7.9,0.3,8.200000000000001
10,39,7.0,0.0,7.0
8,35,8.9,0.3,9.200000000000001
8,35,8.9,0.3,9.200000000000001
15,27,8.0,0.5,8.5
15,27,8.0,0.5,8.5
6,35,6.5,0.0,6.5
6,35,6.5,0.0,6.5
5,36,6.8,0.0,6.8
5,36,6.8,0.0,6.8
5,36,6.8,0.0,6.8
5,36,6.8,0.0,6.8
2,34,7.2,0.0,7.2
2,34,7.2,0.0,7.2
12,33,6.2,0.3,6.5
3,37,7.2,0.3,7.5
3,37,7.2,0.3,7.5
2,33,8.5,0.4,8.9
15,31,6.7,0.0,6.7
12,34,5.6,0.8,6.3999999999999995
1,19,11.7,0.8,12.5
13,36,6.2,0.25,6.45
13,36,6.2,0.25,6.45
13,36,6.2,0.25,6.45
12,39,6.3,0.0,6.3
30,29,7.4,0.3,7.7
30,29,7.4,0.3,7.7
30,29,7.4,0.3,7.7
17,32,7.5,0.4,7.9
3,42,7.2,0.3,7.5
3,42,7.2,0.3,7.5
15,34,6.6,0.6,7.199999999999999
17,31,6.7,0.0,6.7
17,34,7.2,0.0,7.2
14,27,8.2,0.3,8.5
14,27,8.2,0.3,8.5
17,36,7.4,0.5,7.9
17,34,6.9,0.0,6.9
17,34,6.9,0.0,6.9
15,36,6.2,0.25,6.45
18,31,6.7,0.0,6.7
12,28,7.4,0.55,7.95
19,32,7.5,0.2,7.7
19,32,7.3,0.2,7.5
19,32,7.3,0.2,7.5
18,28,8.8,0.5,9.3
20,31,7.2,0.35,7.55
19,33,7.2,0.3,7.5
17,35,5.6,0.8,6.3999999999999995
8,37,8.2,0.3,8.5
20,26,7.9,0.1,8.0
20,26,8.0,0.1,8.1
17,31,6.3,0.3,6.6
17,31,6.3,0.3,6.6
18,28,8.7,0.3,9.0
17,28,8.7,0.3,9.0
17,28,8.7,0.3,9.0
17,39,5.7,0.2,5.9
18,35,7.0,0.0,7.0
14,38,6.5,0.0,6.5
26,29,8.0,0.4,8.4
26,29,8.0,0.4,8.4
24,44,8.5,0.0,8.5
19,39,5.6,0.2,5.8
36,31,7.4,0.6,8.0
33,28,7.4,0.3,7.7
30,28,8.5,0.3,8.8
30,28,8.5,0.3,8.8
30,28,8.5,0.3,8.8
30,31,7.9,0.5,8.4
30,31,7.9,0.5,8.4
11,15,8.0,0.0,8.0
11,15,8.0,0.0,8.0
9,21,8.4,0.3,8.700000000000001
33,33,7.4,0.2,7.6000000000000005
8,24,7.7,0.3,8.0
33,33,7.1,0.2,7.3
8,26,7.6,0.5,8.1
10,5,9.95,1.45,11.399999999999999
10,5,9.95,1.45,11.399999999999999
9,29,7.6,0.4,8.0
9,20,9.6,0.3,9.9
9,20,9.6,0.3,9.9
9,20,9.6,0.3,9.9
10,27,7.8,0.0,7.8
9,31,7.4,0.2,7.6000000000000005
5,26,7.6,0.5,8.1
5,26,7.6,0.5,8.1
5,26,7.6,0.5,8.1
10,27,8.3,0.0,8.3
10,27,6.5,0.3,6.8
10,27,6.5,0.3,6.8
10,27,6.5,0.3,6.8
10,27,6.5,0.3,6.8
10,27,6.5,0.3,6.8
10,27,6.5,0.3,6.8
7,30,7.5,0.0,7.5
12,27,7.4,0.55,7.95
12,27,7.4,0.55,7.95
12,27,7.4,0.55,7.95
8,29,6.7,0.0,6.7
7,31,7.5,0.0,7.5
9,26,9.2,0.45,9.649999999999999
9,26,9.2,0.45,9.649999999999999
9,26,9.2,0.45,9.649999999999999
7,31,7.6,0.2,7.8
11,21,9.65,0.35,10.0
5,26,8.3,0.5,8.8
8,33,7.2,0.3,7.5
12,27,7.0,0.3,7.3
12,27,7.0,0.3,7.3
12,27,7.0,0.3,7.3
12,27,7.0,0.3,7.3
10,26,9.2,0.45,9.649999999999999
10,26,9.2,0.45,9.649999999999999
10,26,9.2,0.45,9.649999999999999
10,26,9.2,0.45,9.649999999999999
10,26,9.2,0.45,9.649999999999999
10,26,9.2,0.45,9.649999999999999
10,26,9.2,0.45,9.649999999999999
10,26,9.2,0.45,9.649999999999999
10,26,9.2,0.45,9.649999999999999
10,26,9.2,0.45,9.649999999999999
10,26,9.2,0.45,9.649999999999999
10,26,9.2,0.45,9.649999999999999
10,26,9.2,0.45,9.649999999999999
10,26,9.2,0.45,9.649999999999999
10,26,9.2,0.45,9.649999999999999
7,31,7.0,0.0,7.0
9,35,7.6,0.2,7.8
13,27,7.4,0.55,7.95
13,27,7.4,0.55,7.95
13,27,7.4,0.55,7.95
13,27,7.4,0.55,7.95
13,27,7.4,0.55,7.95
12,27,6.8,0.3,7.1
12,27,6.8,0.3,7.1
12,27,6.8,0.3,7.1
12,27,6.8,0.3,7.1
12,27,6.8,0.3,7.1
12,27,6.8,0.3,7.1
10,26,9.4,0.45,9.85
10,26,9.4,0.45,9.85
10,26,9.4,0.45,9.85
10,26,9.4,0.45,9.85
10,26,9.4,0.45,9.85
10,26,9.4,0.45,9.85
12,28,7.9,0.3,8.200000000000001
12,28,7.9,0.3,8.200000000000001
7,32,7.9,0.0,7.9
11,23,9.65,0.35,10.0
6,23,9.65,0.35,10.0
13,28,7.4,0.55,7.95
13,28,7.4,0.55,7.95
12,28,6.8,0.3,7.1
12,31,7.4,0.2,7.6000000000000005
12,31,7.4,0.2,7.6000000000000005
10,33,6.7,0.3,7.0
9,35,6.8,0.0,6.8
9,35,6.8,0.0,6.8
13,27,7.0,0.3,7.3
13,27,7.0,0.3,7.3
13,27,7.0,0.3,7.3
13,27,7.0,0.3,7.3
13,27,7.0,0.3,7.3
13,27,7.0,0.3,7.3
7,31,6.5,0.2,6.7
6,32,7.9,0.0,7.9
6,32,7.9,0.0,7.9
9,33,6.3,0.1,6.3999999999999995
6,34,7.5,0.0,7.5
21,34,7.5,0.4,7.9
13,27,6.8,0.3,7.1
13,27,6.8,0.3,7.1
13,27,6.8,0.3,7.1
13,27,6.8,0.3,7.1
13,27,6.8,0.3,7.1
13,27,6.8,0.3,7.1
13,27,6.8,0.3,7.1
8,36,7.1,0.2,7.3
58,23,10.3,0.52,10.82
12,28,8.5,0.3,8.8
2,26,8.3,0.0,8.3
2,26,8.3,0.0,8.3
2,26,8.3,0.0,8.3
2,26,8.3,0.0,8.3
2,26,8.3,0.0,8.3
2,26,8.3,0.0,8.3
2,26,8.3,0.0,8.3
2,26,8.3,0.0,8.3
9,20,11.7,0.7,12.399999999999999
9,20,11.7,0.7,12.399999999999999
9,20,11.7,0.7,12.399999999999999
12,23,9.65,0.35,10.0
12,23,9.65,0.35,10.0
12,23,9.65,0.35,10.0
12,23,9.65,0.35,10.0
12,23,9.65,0.35,10.0
12,23,9.65,0.35,10.0
12,23,9.65,0.35,10.0
12,23,9.65,0.35,10.0
12,23,9.65,0.35,10.0
12,23,9.65,0.35,10.0
12,23,9.65,0.35,10.0
12,23,9.65,0.35,10.0
10,33,6.3,0.1,6.3999999999999995
10,33,6.3,0.1,6.3999999999999995
12,28,8.6,0.3,8.9
12,28,8.6,0.3,8.9
12,28,8.6,0.3,8.9
12,28,8.6,0.3,8.9
12,28,8.6,0.3,8.9
10,34,6.5,0.2,6.7
10,34,6.5,0.2,6.7
9,35,6.3,0.2,6.5
12,28,8.7,0.3,9.0
2,27,8.3,0.2,8.5
2,27,8.3,0.2,8.5
2,27,8.3,0.2,8.5
12,26,9.2,0.45,9.649999999999999
12,33,7.7,0.5,8.2
12,33,7.7,0.5,8.2
12,33,7.7,0.5,8.2
12,33,7.7,0.5,8.2
12,33,7.7,0.5,8.2
12,33,7.7,0.5,8.2
1,26,8.3,0.0,8.3
4,32,7.9,0.0,7.9
4,32,7.9,0.0,7.9
7,33,6.3,0.2,6.5
7,33,6.3,0.2,6.5
7,33,6.3,0.2,6.5
9,39,7.0,0.0,7.0
9,39,7.0,0.0,7.0
9,39,7.0,0.0,7.0
9,39,7.0,0.0,7.0
9,39,7.0,0.0,7.0
9,39,7.0,0.0,7.0
6,35,7.0,0.0,7.0
6,35,7.0,0.0,7.0
6,35,7.0,0.0,7.0
6,35,7.0,0.0,7.0
6,35,7.0,0.0,7.0
6,35,7.0,0.0,7.0
13,32,7.4,0.3,7.7
10,34,6.2,0.0,6.2
13,32,7.5,0.4,7.9
13,32,7.5,0.4,7.9
13,32,7.5,0.4,7.9
2,30,7.9,0.7,8.6
2,30,7.9,0.7,8.6
2,30,7.9,0.7,8.6
2,30,7.9,0.7,8.6
2,30,7.9,0.7,8.6
7,36,6.8,0.0,6.8
9,35,8.9,0.3,9.200000000000001
13,32,7.6,0.3,7.8999999999999995
13,23,9.65,0.35,10.0
10,34,6.0,0.0,6.0
9,22,11.9,1.0,12.9
9,22,11.9,1.0,12.9
10,34,5.9,0.3,6.2
10,34,5.8,0.0,5.8
8,35,8.9,0.3,9.200000000000001
6,35,6.5,0.0,6.5
6,35,6.5,0.0,6.5
6,35,6.5,0.0,6.5
6,35,6.5,0.0,6.5
15,27,8.0,0.5,8.5
15,27,8.0,0.5,8.5
5,33,6.3,0.2,6.5
5,33,6.3,0.2,6.5
5,33,6.3,0.2,6.5
5,33,6.3,0.2,6.5
5,33,6.3,0.2,6.5
5,33,6.3,0.2,6.5
15,27,6.8,0.3,7.1
10,22,11.9,1.0,12.9
10,22,11.9,1.0,12.9
1,31,7.9,0.7,8.6
1,31,7.9,0.7,8.6
5,36,6.8,0.0,6.8
5,36,6.8,0.0,6.8
5,36,6.8,0.0,6.8
2,34,7.2,0.0,7.2
2,34,7.2,0.0,7.2
2,34,7.2,0.0,7.2
2,34,7.2,0.0,7.2
11,39,7.0,0.0,7.0
11,39,7.0,0.0,7.0
12,34,6.4,0.0,6.4
7,42,7.6,0.4,8.0
14,33,7.7,0.5,8.2
9,41,6.3,0.2,6.5
3,37,7.2,0.3,7.5
2,33,8.5,0.4,8.9
2,19,11.7,0.8,12.5
12,34,5.6,0.8,6.3999999999999995
12,34,5.6,0.8,6.3999999999999995
16,28,6.4,0.3,6.7
4,38,8.4,0.3,8.700000000000001
14,34,6.6,0.6,7.199999999999999
14,34,6.6,0.6,7.199999999999999
14,34,6.6,0.6,7.199999999999999
14,34,6.6,0.6,7.199999999999999
14,34,6.6,0.6,7.199999999999999
14,34,6.6,0.6,7.199999999999999
15,29,6.0,0.3,6.3
15,29,6.0,0.3,6.3
15,29,6.0,0.3,6.3
15,29,6.0,0.3,6.3
12,35,5.6,0.8,6.3999999999999995
12,35,5.6,0.8,6.3999999999999995
13,36,6.2,0.25,6.45
13,36,6.2,0.25,6.45
13,36,6.2,0.25,6.45
13,36,6.2,0.25,6.45
13,36,6.2,0.25,6.45
13,36,6.2,0.25,6.45
13,36,6.2,0.25,6.45
13,36,6.2,0.25,6.45
13,36,6.2,0.25,6.45
13,36,6.2,0.25,6.45
13,36,6.2,0.25,6.45
8,43,5.9,0.3,6.2
11,40,5.8,0.2,6.0
13,37,6.2,0.25,6.45
13,37,6.2,0.25,6.45
15,34,6.6,0.6,7.199999999999999
15,34,6.6,0.6,7.199999999999999
15,34,6.6,0.6,7.199999999999999
15,35,6.8,0.0,6.8
14,27,7.0,0.3,7.3
2,42,7.2,0.3,7.5
2,42,7.1,0.3,7.3999999999999995
14,36,6.2,0.25,6.45
14,36,6.2,0.25,6.45
13,38,6.0,0.1,6.1
12,27,7.3,0.2,7.5
17,34,7.2,0.0,7.2
12,42,8.8,0.3,9.100000000000001
12,42,8.8,0.3,9.100000000000001
4,44,6.5,0.4,6.9
17,34,6.9,0.0,6.9
17,34,6.9,0.0,6.9
17,34,6.9,0.0,6.9
17,34,6.9,0.0,6.9
17,34,6.9,0.0,6.9
18,31,6.7,0.0,6.7
18,31,6.7,0.0,6.7
18,31,6.7,0.0,6.7
18,31,6.7,0.0,6.7
18,31,6.7,0.0,6.7
18,31,6.7,0.0,6.7
18,31,6.7,0.0,6.7
20,31,7.2,0.35,7.55
15,28,7.5,0.0,7.5
15,28,7.5,0.0,7.5
20,31,7.5,0.2,7.7
18,34,7.2,0.2,7.4
13,27,7.0,0.3,7.3
12,27,7.0,0.3,7.3
10,29,8.3,0.7,9.0
10,29,8.3,0.7,9.0
12,39,5.0,0.2,5.2
12,28,7.4,0.55,7.95
12,27,8.0,0.3,8.3
19,32,7.5,0.2,7.7
19,32,7.5,0.2,7.7
21,32,7.5,0.2,7.7
19,32,7.5,0.2,7.7
21,32,7.5,0.2,7.7
19,32,7.5,0.2,7.7
14,28,7.5,0.0,7.5
14,28,7.5,0.0,7.5
13,28,7.5,0.0,7.5
19,32,7.3,0.2,7.5
19,32,7.3,0.2,7.5
20,32,7.3,0.2,7.5
19,32,7.3,0.2,7.5
19,32,7.3,0.2,7.5
21,32,7.3,0.2,7.5
21,32,7.3,0.2,7.5
18,27,7.8,0.3,8.1
23,33,7.2,0.3,7.5
20,33,7.2,0.3,7.5
18,34,6.9,0.2,7.1000000000000005
13,27,8.2,0.3,8.5
12,27,8.2,0.3,8.5
21,31,7.2,0.35,7.55
22,28,6.5,0.3,6.8
22,28,6.5,0.3,6.8
22,28,6.5,0.3,6.8
12,43,5.3,0.2,5.5
12,35,8.0,0.0,8.0
17,31,7.2,0.35,7.55
22,25,9.0,0.3,9.3
22,25,9.0,0.3,9.3
23,25,9.0,0.3,9.3
22,25,9.0,0.3,9.3
18,25,9.0,0.3,9.3
21,25,9.0,0.3,9.3
12,36,7.8,0.5,8.3
18,33,8.2,0.3,8.5
19,34,6.6,0.6,7.199999999999999
17,35,5.6,0.8,6.3999999999999995
12,36,7.8,0.5,8.3
12,36,7.8,0.5,8.3
12,36,7.8,0.5,8.3
12,36,7.8,0.5,8.3
18,37,6.5,0.0,6.5
17,28,8.8,0.5,9.3
17,28,8.8,0.5,9.3
17,28,8.8,0.5,9.3
20,25,9.0,0.3,9.3
21,25,9.0,0.3,9.3
21,28,6.5,0.3,6.8
21,28,6.5,0.3,6.8
15,33,7.5,0.0,7.5
13,39,7.2,0.3,7.5
18,35,5.8,0.2,6.0
14,31,6.2,0.4,6.6000000000000005
16,38,6.5,0.0,6.5
18,35,7.0,0.0,7.0
18,27,7.8,0.1,7.8999999999999995
18,37,6.5,0.0,6.5
18,37,6.5,0.0,6.5
16,35,8.0,0.3,8.3
18,27,7.9,0.1,8.0
18,27,7.9,0.1,8.0
15,27,7.9,0.5,8.4
15,27,7.9,0.5,8.4
13,32,6.5,0.2,6.7
13,32,6.5,0.2,6.7
21,32,8.5,0.4,8.9
17,39,5.7,0.2,5.9
17,39,5.7,0.2,5.9
18,35,7.0,0.0,7.0
18,35,7.0,0.0,7.0
17,39,5.6,0.2,5.8
17,39,5.6,0.2,5.8
18,35,6.5,0.3,6.8
21,35,7.3,0.5,7.8
13,39,7.6,0.3,7.8999999999999995
26,29,8.0,0.4,8.4
26,29,8.0,0.4,8.4
18,39,5.6,0.2,5.8
15,37,6.9,0.3,7.2
20,36,5.8,0.2,6.0
15,37,6.8,0.3,7.1
18,27,8.0,0.1,8.1
12,41,7.6,0.2,7.8
19,39,5.7,0.2,5.9
19,39,5.6,0.2,5.8
19,39,5.6,0.2,5.8
19,39,5.6,0.2,5.8
12,41,7.8,0.2,8.0
15,37,6.2,0.3,6.5
12,41,8.1,0.0,8.1
18,39,6.0,0.0,6.0
18,39,6.0,0.0,6.0
18,31,6.6,0.3,6.8999999999999995
30,29,7.0,0.3,7.3
20,39,4.7,0.1,4.8
10,26,9.4,0.45,9.85
44,14,8.4,0.5,8.9
3,14,8.5,0.5,9.0
14,24,7.4,0.3,7.7
15,26,8.0,0.2,8.2
11,26,8.8,0.5,9.3
11,26,8.8,0.5,9.3
19,36,6.3,0.2,6.5
13,28,7.0,0.2,7.2
13,28,7.0,0.2,7.2
13,28,7.0,0.2,7.2
8,36,7.9,0.3,8.200000000000001
14,34,7.0,0.2,7.2
2,30,7.9,0.7,8.6
9,34,9.1,0.3,9.4
18,28,8.7,0.3,9.0
12,35,6.9,0.0,6.9
12,35,6.9,0.0,6.9
14,32,7.5,0.2,7.7
5,36,6.8,0.0,6.8
38,22,8.3,0.3,8.600000000000001
42,25,8.5,0.4,8.9
31,29,7.4,0.3,7.7
15,33,5.7,0.3,6.0
15,33,5.7,0.3,6.0
15,33,5.7,0.3,6.0
15,33,5.7,0.3,6.0
15,33,5.7,0.3,6.0
15,33,5.7,0.3,6.0
31,29,7.7,0.0,7.7
31,29,7.7,0.0,7.7
38,4,10.2,0.4,10.6
31,29,7.8,0.2,8.0
4,44,6.9,0.3,7.2
16,33,5.7,0.3,6.0
44,29,7.5,0.0,7.5
28,26,7.1,0.4,7.5
42,32,7.3,0.2,7.5
42,32,7.3,0.2,7.5
33,28,7.4,0.3,7.7
33,28,7.4,0.3,7.7
28,28,6.8,0.0,6.8
28,28,6.7,0.2,6.9
40,18,10.0,0.4,10.4
28,28,6.8,0.0,6.8
8,33,6.7,0.0,6.7
42,20,10.2,0.7,10.899999999999999
17,31,6.7,0.3,7.0
6,32,8.0,0.6,8.6
20,28,8.0,0.2,8.2
32,29,6.7,0.25,6.95
21,34,6.7,0.3,7.0
29,34,6.7,0.3,7.0
8,36,6.7,0.0,6.7
20,28,8.2,0.2,8.399999999999999
30,28,8.5,0.3,8.8
20,28,8.0,0.2,8.2
30,31,7.9,0.5,8.4
30,31,7.9,0.5,8.4
30,31,7.9,0.5,8.4
41,30,7.3,0.4,7.7
18,32,7.5,0.1,7.6
13,41,5.5,0.1,5.6
13,41,5.5,0.1,5.6
44,36,6.9,0.4,7.300000000000001
44,36,6.9,0.4,7.300000000000001
17,29,8.5,0.3,8.8
17,29,8.5,0.3,8.8
30,28,8.5,0.3,8.8
15,31,8.2,0.3,8.5
30,26,9.2,0.3,9.5
27,32,8.5,0.0,8.5
40,34,5.5,0.0,5.5
26,34,7.9,0.0,7.9
30,26,9.4,0.5,9.9
20,25,9.2,0.7,9.899999999999999
28,33,8.3,0.0,8.3
35,25,9.2,0.7,9.899999999999999
15,32,7.7,0.3,8.0
15,32,7.7,0.3,8.0
17,28,8.0,0.3,8.3
30,27,7.7,0.3,8.0
30,27,7.7,0.3,8.0
37,33,7.4,0.2,7.6000000000000005
23,32,6.9,0.0,6.9
15,14,9.5,0.3,9.8
15,14,9.5,0.3,9.8
2,29,5.5,0.2,5.7
37,33,7.1,0.2,7.3
32,24,10.0,1.0,11.0
25,35,7.3,0.2,7.5
2,29,5.0,0.2,5.2
28,36,8.0,0.2,8.2
28,36,8.0,0.2,8.2
29,27,9.4,0.8,10.200000000000001
29,27,9.4,0.8,10.200000000000001
28,36,8.5,0.2,8.7
17,37,6.9,0.0,6.9
17,37,6.9,0.0,6.9
17,37,6.9,0.0,6.9
22,33,5.6,0.3,5.8999999999999995
30,28,10.5,0.5,11.0
25,32,7.7,0.3,8.0
27,19,12.3,0.8,13.100000000000001
21,36,7.0,0.1,7.1
28,34,6.9,0.3,7.2
16,31,8.8,0.3,9.100000000000001
26,31,10.4,0.5,10.9
14,44,6.0,0.0,6.0
21,41,5.7,0.0,5.7
36,29,5.0,0.2,5.2
21,40,7.0,0.0,7.0
25,29,7.3,0.3,7.6
8,36,7.1,0.1,7.199999999999999
33,36,6.5,0.1,6.6
19,28,5.8,0.2,6.0
13,44,6.0,0.0,6.0
34,36,6.3,0.1,6.3999999999999995
35,36,6.3,0.1,6.3999999999999995
37,25,6.7,0.2,6.9
8,30,7.8,0.2,8.0
10,26,9.2,0.45,9.649999999999999
15,17,7.7,0.3,8.0
10,26,9.4,0.45,9.85
10,26,9.4,0.45,9.85
10,26,9.4,0.45,9.85
39,14,8.4,0.5,8.9
5,14,8.4,0.5,8.9
5,14,8.5,0.5,9.0
12,23,9.65,0.35,10.0
9,25,7.5,0.3,7.8
11,20,8.5,0.2,8.7
9,22,7.8,0.2,8.0
9,22,7.8,0.2,8.0
12,24,7.0,0.0,7.0
10,24,7.4,0.3,7.7
10,24,7.4,0.3,7.7
10,24,7.4,0.3,7.7
10,24,7.4,0.3,7.7
10,24,7.4,0.3,7.7
10,24,7.4,0.3,7.7
10,24,7.4,0.3,7.7
10,24,7.4,0.3,7.7
10,24,7.4,0.3,7.7
12,26,7.5,0.0,7.5
26,26,6.0,0.0,6.0
27,21,9.5,0.55,10.05
10,33,7.5,0.3,7.8
8,33,7.6,0.4,8.0
5,26,8.3,0.5,8.8
8,26,7.7,0.5,8.2
8,33,7.7,0.4,8.1
8,34,7.5,0.3,7.8
8,33,7.7,0.4,8.1
20,27,7.0,0.3,7.3
9,26,8.1,0.3,8.4
9,26,8.1,0.3,8.4
8,34,7.2,0.3,7.5
8,34,7.2,0.3,7.5
8,34,7.2,0.3,7.5
15,27,6.5,0.2,6.7
20,27,8.2,0.3,8.5
20,27,8.2,0.3,8.5
6,29,8.5,0.4,8.9
11,26,7.9,0.0,7.9
9,31,7.8,0.5,8.3
9,31,7.8,0.5,8.3
7,30,7.5,0.0,7.5
7,30,7.5,0.0,7.5
7,30,7.5,0.0,7.5
10,34,6.4,0.2,6.6000000000000005
20,31,7.2,0.35,7.55
20,31,7.2,0.35,7.55
12,33,7.7,0.4,8.1
10,31,7.8,0.5,8.3
10,31,7.8,0.5,8.3
10,31,7.8,0.5,8.3
10,31,7.8,0.5,8.3
10,31,7.8,0.5,8.3
7,31,7.6,0.2,7.8
7,28,8.3,0.5,8.8
7,28,8.3,0.5,8.8
10,31,6.9,0.2,7.1000000000000005
10,31,6.9,0.2,7.1000000000000005
10,31,6.9,0.2,7.1000000000000005
10,31,6.9,0.2,7.1000000000000005
10,31,6.9,0.2,7.1000000000000005
12,27,7.8,0.0,7.8
8,33,7.2,0.3,7.5
8,33,7.2,0.3,7.5
14,24,7.4,0.3,7.7
14,24,7.4,0.3,7.7
14,24,7.4,0.3,7.7
14,24,7.4,0.3,7.7
14,24,7.4,0.3,7.7
14,24,7.4,0.3,7.7
14,24,7.4,0.3,7.7
18,33,7.2,0.3,7.5
22,28,6.5,0.3,6.8
13,27,7.4,0.55,7.95
13,27,7.4,0.55,7.95
17,32,6.8,0.3,7.1
11,26,8.8,0.5,9.3
11,26,8.8,0.5,9.3
11,26,8.8,0.5,9.3
11,26,8.8,0.5,9.3
11,26,8.8,0.5,9.3
4,35,7.1,0.0,7.1
37,28,7.0,0.3,7.3
14,31,8.5,0.0,8.5
12,36,7.7,0.3,8.0
5,36,6.8,0.2,7.0
5,36,6.8,0.2,7.0
5,36,6.8,0.2,7.0
5,36,6.8,0.2,7.0
5,36,6.8,0.2,7.0
5,36,6.8,0.2,7.0
5,36,6.8,0.2,7.0
5,36,6.8,0.2,7.0
10,35,7.7,0.3,8.0
12,33,6.7,0.0,6.7
16,11,11.5,0.5,12.0
15,24,7.4,0.3,7.7
15,24,7.4,0.3,7.7
15,24,7.4,0.3,7.7
15,24,7.4,0.3,7.7
20,36,6.3,0.2,6.5
9,32,6.0,0.3,6.3
12,26,8.8,0.5,9.3
12,26,8.8,0.5,9.3
12,26,8.8,0.5,9.3
12,26,8.8,0.5,9.3
12,26,8.8,0.5,9.3
13,28,7.0,0.0,7.0
16,32,9.0,0.3,9.3
10,35,8.0,0.0,8.0
13,28,7.0,0.2,7.2
17,34,6.6,0.3,6.8999999999999995
9,20,11.7,0.7,12.399999999999999
8,33,6.3,0.2,6.5
17,26,7.8,0.2,8.0
17,26,7.8,0.2,8.0
10,34,6.5,0.2,6.7
16,28,8.0,0.3,8.3
16,28,8.0,0.3,8.3
11,30,8.8,0.3,9.100000000000001
11,30,8.8,0.3,9.100000000000001
12,33,7.7,0.5,8.2
15,35,5.9,0.0,5.9
12,33,7.7,0.5,8.2
13,31,6.5,0.4,6.9
6,35,7.0,0.0,7.0
9,34,9.1,0.3,9.4
10,36,8.4,0.3,8.700000000000001
10,36,8.4,0.3,8.700000000000001
14,36,7.0,0.2,7.2
14,36,7.0,0.2,7.2
14,36,7.0,0.2,7.2
14,36,7.0,0.2,7.2
14,36,7.0,0.2,7.2
14,36,7.0,0.2,7.2
14,36,7.0,0.2,7.2
14,36,7.0,0.2,7.2
14,36,7.0,0.2,7.2
14,36,7.0,0.2,7.2
14,36,7.0,0.2,7.2
14,36,7.0,0.2,7.2
14,36,7.0,0.2,7.2
14,36,7.0,0.2,7.2
14,36,7.0,0.2,7.2
14,36,7.0,0.2,7.2
14,36,7.0,0.2,7.2
14,36,7.0,0.2,7.2
12,30,8.8,0.3,9.100000000000001
9,41,5.5,0.0,5.5
18,27,7.9,0.1,8.0
18,27,7.9,0.1,8.0
14,14,11.0,0.5,11.5
10,34,5.8,0.1,5.8999999999999995
10,34,5.8,0.1,5.8999999999999995
10,34,5.8,0.1,5.8999999999999995
10,34,5.8,0.1,5.8999999999999995
13,33,7.7,0.0,7.7
13,33,7.7,0.0,7.7
13,33,7.2,0.2,7.4
21,34,5.7,0.2,5.9
1,31,9.3,0.7,10.0
1,31,9.3,0.7,10.0
8,40,7.9,0.3,8.200000000000001
8,40,7.9,0.3,8.200000000000001
18,27,8.0,0.1,8.1
18,27,8.0,0.1,8.1
1,31,9.3,0.7,10.0
13,33,7.8,0.0,7.8
13,33,7.8,0.0,7.8
14,28,6.5,0.0,6.5
13,33,7.8,0.2,8.0
12,35,6.9,0.0,6.9
12,35,6.9,0.0,6.9
12,35,6.9,0.0,6.9
12,35,6.9,0.0,6.9
12,36,7.0,0.5,7.5
14,27,8.8,0.2,9.0
15,36,7.0,0.2,7.2
15,36,7.0,0.2,7.2
32,25,6.8,0.2,7.0
14,41,7.6,0.2,7.8
17,29,6.3,0.0,6.3
2,29,6.3,0.63,6.93
10,44,5.7,0.3,6.0
33,25,6.8,0.2,7.0
32,25,6.8,0.2,7.0
18,34,6.6,0.3,6.8999999999999995
2,29,6.2,0.63,6.83
14,41,7.8,0.2,8.0
13,36,7.0,0.3,7.3
35,31,7.4,0.6,8.0
35,31,7.4,0.6,8.0
18,38,8.3,0.0,8.3
13,36,6.9,0.3,7.2
19,31,6.3,0.3,6.6
19,31,6.3,0.3,6.6
20,21,8.6,0.0,8.6
17,27,7.9,0.5,8.4
17,27,7.9,0.5,8.4
17,27,7.9,0.5,8.4
17,27,7.9,0.5,8.4
21,36,6.8,0.2,7.0
15,33,5.7,0.3,6.0
15,33,5.7,0.3,6.0
15,33,5.7,0.3,6.0
15,33,5.7,0.3,6.0
15,33,5.7,0.3,6.0
15,33,5.7,0.3,6.0
15,33,5.7,0.3,6.0
15,33,5.7,0.3,6.0
5,34,4.0,0.2,4.2
5,34,4.0,0.2,4.2
14,41,8.1,0.0,8.1
2,29,6.2,0.6,6.8
14,35,6.8,0.0,6.8
3,44,6.9,0.3,7.2
33,44,6.9,0.3,7.2
33,44,6.9,0.3,7.2
25,31,7.0,0.2,7.2
25,31,7.0,0.2,7.2
13,34,5.8,0.1,5.8999999999999995
35,45,6.9,0.5,7.4
11,28,8.2,0.3,8.5
28,29,7.7,0.0,7.7
28,29,7.7,0.0,7.7
30,29,7.7,0.3,8.0
30,29,7.7,0.3,8.0
30,29,7.7,0.3,8.0
15,35,6.8,0.0,6.8
9,34,7.0,0.3,7.3
9,34,7.0,0.3,7.3
28,28,6.8,0.0,6.8
28,28,6.5,0.2,6.7
26,19,8.6,0.0,8.6
29,28,6.7,0.2,6.9
15,36,6.8,0.1,6.8999999999999995
15,31,6.5,0.3,6.8
29,29,7.2,0.0,7.2
30,29,7.2,0.0,7.2
30,29,7.2,0.0,7.2
30,29,7.2,0.0,7.2
30,29,7.2,0.0,7.2
28,29,7.2,0.0,7.2
9,35,7.0,0.3,7.3
32,25,6.5,0.1,6.6
30,28,6.8,0.0,6.8
8,33,6.7,0.0,6.7
15,36,5.0,0.2,5.2
7,43,5.5,0.1,5.6
7,33,8.0,0.6,8.6
11,53,6.5,0.2,6.7
22,34,7.8,0.3,8.1
6,32,8.0,0.6,8.6
6,32,8.0,0.6,8.6
23,28,6.2,0.2,6.4
23,28,6.2,0.2,6.4
3,47,7.4,0.5,7.9
18,33,7.1,0.2,7.3
15,36,5.6,0.2,5.8
15,36,5.6,0.2,5.8
20,28,8.0,0.2,8.2
17,28,8.0,0.2,8.2
20,28,8.0,0.2,8.2
20,28,8.0,0.2,8.2
20,28,8.0,0.2,8.2
21,28,8.0,0.2,8.2
20,28,8.0,0.2,8.2
20,28,8.0,0.2,8.2
21,28,8.0,0.2,8.2
18,33,7.1,0.2,7.3
8,36,6.7,0.0,6.7
8,36,6.7,0.0,6.7
8,36,6.7,0.0,6.7
8,36,6.7,0.0,6.7
8,36,6.7,0.0,6.7
8,36,6.7,0.0,6.7
16,30,7.7,0.5,8.2
20,28,8.2,0.2,8.399999999999999
20,28,8.2,0.2,8.399999999999999
20,28,8.2,0.2,8.399999999999999
20,28,8.2,0.2,8.399999999999999
20,28,8.2,0.2,8.399999999999999
20,28,8.2,0.2,8.399999999999999
19,28,8.2,0.2,8.399999999999999
20,28,8.2,0.2,8.399999999999999
21,28,8.2,0.2,8.399999999999999
18,35,7.3,0.2,7.5
25,33,6.0,0.3,6.3
16,30,7.8,0.5,8.3
13,50,6.3,0.2,6.5
3,32,5.7,0.3,6.0
9,39,8.0,0.6,8.6
9,39,8.0,0.6,8.6
9,36,6.2,0.2,6.4
20,28,8.2,0.2,8.399999999999999
17,28,8.8,0.5,9.3
19,28,8.8,0.5,9.3
18,28,8.0,0.2,8.2
12,42,5.2,0.1,5.3
12,42,5.2,0.1,5.3
12,42,5.2,0.1,5.3
8,39,8.0,0.6,8.6
8,39,8.0,0.6,8.6
8,39,8.0,0.6,8.6
19,31,7.7,0.3,8.0
20,23,9.5,0.3,9.8
20,23,9.5,0.3,9.8
26,35,6.8,0.2,7.0
23,33,8.3,0.2,8.5
22,26,8.7,0.5,9.2
31,31,4.9,0.1,5.0
27,34,7.0,0.3,7.3
6,39,8.0,0.6,8.6
6,39,8.0,0.6,8.6
6,39,8.0,0.6,8.6
6,39,8.0,0.6,8.6
6,39,8.0,0.6,8.6
6,39,8.0,0.6,8.6
33,32,6.5,0.0,6.5
18,29,8.5,0.3,8.8
23,33,6.0,0.3,6.3
19,28,7.7,0.4,8.1
34,33,7.8,0.3,8.1
40,34,5.5,0.0,5.5
22,34,7.9,0.0,7.9
18,34,7.9,0.0,7.9
30,29,7.5,0.2,7.7
18,35,6.0,0.0,6.0
30,26,9.4,0.5,9.9
21,31,9.2,0.7,9.899999999999999
21,25,9.1,0.7,9.799999999999999
14,29,8.8,0.3,9.100000000000001
18,29,8.8,0.3,9.100000000000001
16,29,8.8,0.3,9.100000000000001
35,25,9.2,0.7,9.899999999999999
27,25,9.2,0.7,9.899999999999999
22,25,9.2,0.7,9.899999999999999
15,28,8.0,0.3,8.3
17,28,8.0,0.3,8.3
19,28,8.0,0.3,8.3
29,28,8.0,0.5,8.5
10,37,7.2,0.1,7.3
14,42,5.2,0.1,5.3
15,32,7.7,0.3,8.0
15,32,7.7,0.3,8.0
18,35,5.8,0.25,6.05
32,24,10.0,1.0,11.0
22,25,9.3,0.7,10.0
27,25,9.3,0.7,10.0
23,37,5.0,0.0,5.0
34,32,9.0,0.2,9.2
27,24,9.9,0.5,10.4
26,36,5.8,0.0,5.8
20,27,9.9,0.6,10.5
27,33,8.3,0.0,8.3
19,13,9.5,0.3,9.8
29,24,10.0,1.0,11.0
19,14,9.5,0.3,9.8
15,14,9.5,0.3,9.8
15,14,9.5,0.3,9.8
15,14,9.5,0.3,9.8
16,14,9.5,0.3,9.8
13,14,9.5,0.3,9.8
16,14,9.5,0.3,9.8
16,14,9.5,0.3,9.8
16,14,9.5,0.3,9.8
20,14,9.5,0.3,9.8
23,32,7.3,0.2,7.5
26,27,9.0,0.8,9.8
29,24,10.0,1.0,11.0
30,24,10.0,1.0,11.0
4,33,7.4,0.35,7.75
21,37,6.4,0.6,7.0
22,32,6.9,0.0,6.9
24,32,6.9,0.0,6.9
18,32,6.9,0.0,6.9
25,32,6.9,0.0,6.9
46,31,4.9,0.4,5.300000000000001
25,26,6.6,0.3,6.8999999999999995
15,47,5.9,0.0,5.9
26,27,9.4,0.8,10.200000000000001
28,27,9.4,0.8,10.200000000000001
26,27,9.4,0.8,10.200000000000001
25,27,9.4,0.8,10.200000000000001
30,25,8.6,0.9,9.5
24,32,6.0,0.3,6.3
30,29,7.0,0.3,7.3
26,36,7.7,0.2,7.9
4,33,7.3,0.35,7.6499999999999995
4,33,7.3,0.35,7.6499999999999995
4,33,7.3,0.35,7.6499999999999995
15,28,8.3,0.2,8.5
15,14,9.5,0.3,9.8
26,36,7.9,0.2,8.1
29,32,8.6,0.8,9.4
32,38,6.7,0.3,7.0
32,38,6.7,0.3,7.0
32,38,6.7,0.3,7.0
32,38,6.7,0.3,7.0
32,38,6.7,0.3,7.0
25,32,6.0,0.3,6.3
15,32,7.7,0.3,8.0
29,32,8.7,0.8,9.5
29,35,8.7,0.2,8.899999999999999
29,35,8.7,0.2,8.899999999999999
30,28,10.5,0.5,11.0
20,31,6.9,0.0,6.9
29,35,6.8,0.1,6.8999999999999995
29,35,6.8,0.1,6.8999999999999995
30,32,9.1,0.5,9.6
25,28,9.7,0.8,10.5
25,32,7.7,0.3,8.0
28,32,7.7,0.3,8.0
21,42,4.5,0.3,4.8
25,32,7.7,0.3,8.0
30,28,7.7,0.3,8.0
25,22,11.5,1.0,12.5
20,37,6.8,0.0,6.8
28,36,7.9,0.7,8.6
34,27,10.5,1.0,11.5
15,35,7.5,0.2,7.7
15,35,7.5,0.2,7.7
15,35,7.5,0.2,7.7
15,35,7.5,0.2,7.7
15,35,7.5,0.2,7.7
15,35,7.5,0.2,7.7
15,35,7.5,0.2,7.7
27,19,12.3,0.8,13.100000000000001
25,19,12.3,0.8,13.100000000000001
26,19,12.3,0.8,13.100000000000001
25,19,12.3,0.8,13.100000000000001
16,31,8.5,0.3,8.8
16,31,8.5,0.3,8.8
28,35,8.9,1.0,9.9
30,37,6.6,0.2,6.8
24,30,9.2,0.3,9.5
28,34,6.9,0.3,7.2
28,34,6.9,0.3,7.2
28,34,6.9,0.3,7.2
28,34,6.9,0.3,7.2
28,34,6.9,0.3,7.2
28,34,6.9,0.3,7.2
28,34,6.9,0.3,7.2
22,39,6.5,0.3,6.8
22,39,6.5,0.3,6.8
25,22,12.0,0.6,12.6
10,36,7.2,0.1,7.3
16,31,8.8,0.3,9.100000000000001
16,31,8.8,0.3,9.100000000000001
16,31,8.8,0.3,9.100000000000001
26,31,10.4,0.5,10.9
26,31,10.4,0.5,10.9
35,26,8.3,0.5,8.8
10,36,7.1,0.1,7.199999999999999
19,41,7.2,0.8,8.0
27,30,10.4,0.5,10.9
27,19,12.9,0.8,13.700000000000001
27,19,12.9,0.8,13.700000000000001
16,32,7.7,0.3,8.0
16,32,7.7,0.3,8.0
14,35,6.2,0.0,6.2
35,26,8.5,0.5,9.0
27,31,8.0,0.3,8.3
28,31,10.4,0.4,10.8
28,31,10.4,0.5,10.9
24,30,7.8,0.2,8.0
21,40,7.0,0.0,7.0
20,40,7.0,0.0,7.0
36,29,5.5,0.2,5.7
30,28,9.0,0.3,9.3
2,32,7.7,0.35,8.05
21,41,5.7,0.0,5.7
25,30,7.8,0.2,8.0
26,30,7.8,0.2,8.0
26,30,7.8,0.2,8.0
22,32,8.0,0.2,8.2
25,32,8.0,0.2,8.2
21,40,7.0,0.0,7.0
21,40,7.0,0.0,7.0
22,35,7.5,0.2,7.7
22,35,7.5,0.2,7.7
22,35,7.5,0.2,7.7
15,44,6.0,0.0,6.0
22,32,8.3,0.2,8.5
17,44,6.0,0.0,6.0
17,44,6.0,0.0,6.0
13,44,6.0,0.0,6.0
17,44,6.0,0.0,6.0
17,44,6.0,0.0,6.0
20,44,5.9,0.0,5.9
20,44,5.9,0.0,5.9
26,30,7.8,0.2,8.0
25,51,5.0,0.0,5.0
12,17,7.8,0.2,8.0
10,25,7.7,0.3,8.0
10,25,7.7,0.3,8.0
10,25,7.7,0.3,8.0
10,25,7.7,0.3,8.0
9,26,6.7,0.0,6.7
8,20,9.6,0.3,9.9
8,20,9.6,0.3,9.9
8,20,9.6,0.3,9.9
9,28,6.5,0.0,6.5
40,24,5.9,0.1,6.0
10,26,9.2,0.45,9.649999999999999
10,26,9.2,0.45,9.649999999999999
10,26,9.2,0.45,9.649999999999999
10,26,9.2,0.45,9.649999999999999
10,26,9.2,0.45,9.649999999999999
10,26,9.2,0.45,9.649999999999999
10,26,9.2,0.45,9.649999999999999
10,26,9.2,0.45,9.649999999999999
10,26,9.2,0.45,9.649999999999999
6,12,10.6,0.3,10.9
10,26,9.4,0.45,9.85
10,26,9.4,0.45,9.85
10,26,9.4,0.45,9.85
10,26,9.4,0.45,9.85
12,28,7.9,0.3,8.200000000000001
5,14,8.5,0.5,9.0
5,14,8.5,0.5,9.0
5,14,8.5,0.5,9.0
5,14,8.5,0.5,9.0
44,14,8.5,0.5,9.0
39,14,8.5,0.5,9.0
5,14,8.5,0.5,9.0
12,23,9.65,0.35,10.0
12,23,9.65,0.35,10.0
12,23,9.65,0.35,10.0
12,23,9.65,0.35,10.0
12,23,9.65,0.35,10.0
12,23,9.65,0.35,10.0
12,23,9.65,0.35,10.0
9,25,7.5,0.3,7.8
9,25,7.5,0.3,7.8
5,14,8.8,0.5,9.3
8,20,8.5,0.2,8.7
10,20,8.5,0.2,8.7
4,13,9.5,0.5,10.0
10,13,9.5,0.5,10.0
9,22,11.9,1.0,12.9
9,22,11.9,1.0,12.9
9,22,11.9,1.0,12.9
9,22,11.9,1.0,12.9
10,21,8.5,0.2,8.7
15,25,6.9,0.5,7.4
6,13,9.5,0.5,10.0
39,13,9.5,0.5,10.0
6,13,9.5,0.5,10.0
27,17,8.5,0.45,8.95
11,20,8.5,0.2,8.7
11,20,8.5,0.2,8.7
11,20,8.5,0.2,8.7
11,20,8.5,0.2,8.7
11,20,8.5,0.2,8.7
11,20,8.5,0.2,8.7
11,20,8.5,0.2,8.7
11,20,8.5,0.2,8.7
11,20,8.5,0.2,8.7
5,19,11.8,0.3,12.100000000000001
9,22,7.8,0.2,8.0
9,22,7.8,0.2,8.0
9,22,7.8,0.2,8.0
9,22,7.8,0.2,8.0
9,22,7.8,0.2,8.0
11,25,7.0,0.0,7.0
12,20,8.5,0.2,8.7
12,20,8.5,0.2,8.7
3,36,6.9,0.0,6.9
2,33,8.5,0.4,8.9
2,33,8.5,0.4,8.9
14,29,5.9,0.2,6.1000000000000005
39,22,8.12,0.85,8.969999999999999
13,24,7.5,0.0,7.5
5,11,8.5,0.45,8.95
26,23,7.7,0.2,7.9
13,20,8.5,0.2,8.7
13,20,8.5,0.2,8.7
39,22,8.3,0.85,9.15
1,19,11.7,0.8,12.5
13,25,7.5,0.0,7.5
25,21,9.5,0.55,10.05
12,26,7.0,0.0,7.0
12,26,7.0,0.0,7.0
12,26,7.0,0.0,7.0
12,26,7.0,0.0,7.0
12,26,7.0,0.0,7.0
12,26,7.0,0.0,7.0
12,26,7.0,0.0,7.0
12,26,7.0,0.0,7.0
12,26,7.0,0.0,7.0
12,26,7.0,0.0,7.0
29,28,7.5,0.3,7.8
8,33,7.6,0.4,8.0
8,33,7.6,0.4,8.0
8,33,7.6,0.4,8.0
8,33,7.6,0.4,8.0
8,33,7.6,0.4,8.0
8,33,7.6,0.4,8.0
8,33,7.6,0.4,8.0
8,33,7.6,0.4,8.0
8,33,7.6,0.4,8.0
8,33,7.6,0.4,8.0
8,33,7.6,0.4,8.0
8,33,7.6,0.4,8.0
8,33,7.6,0.4,8.0
8,33,7.6,0.4,8.0
8,33,7.6,0.4,8.0
8,33,7.6,0.4,8.0
8,33,7.6,0.4,8.0
8,33,7.6,0.4,8.0
8,33,7.6,0.4,8.0
8,33,7.6,0.4,8.0
8,33,7.6,0.4,8.0
8,33,7.6,0.4,8.0
8,33,7.6,0.4,8.0
8,26,7.7,0.5,8.2
8,26,7.7,0.5,8.2
8,26,7.7,0.5,8.2
8,33,7.7,0.4,8.1
8,33,7.7,0.4,8.1
8,33,7.7,0.4,8.1
8,33,7.7,0.4,8.1
8,33,7.7,0.4,8.1
8,33,7.7,0.4,8.1
8,33,7.7,0.4,8.1
8,33,7.7,0.4,8.1
8,33,7.7,0.4,8.1
8,33,7.7,0.4,8.1
8,33,7.7,0.4,8.1
8,33,7.7,0.4,8.1
8,33,7.7,0.4,8.1
8,33,7.7,0.4,8.1
8,34,7.5,0.3,7.8
8,34,7.5,0.3,7.8
8,34,7.5,0.3,7.8
8,34,7.5,0.3,7.8
8,34,7.5,0.3,7.8
8,34,7.5,0.3,7.8
8,34,7.5,0.3,7.8
8,34,7.5,0.3,7.8
8,34,7.5,0.3,7.8
8,34,7.5,0.3,7.8
8,34,7.5,0.3,7.8
8,34,7.5,0.3,7.8
8,34,7.5,0.3,7.8
8,34,7.5,0.3,7.8
8,34,7.5,0.3,7.8
8,34,7.5,0.3,7.8
8,34,7.5,0.3,7.8
8,34,7.5,0.3,7.8
8,34,7.5,0.3,7.8
8,34,7.5,0.3,7.8
8,34,7.5,0.3,7.8
8,34,7.5,0.3,7.8
8,34,7.5,0.3,7.8
8,34,7.5,0.3,7.8
20,27,7.0,0.3,7.3
18,26,7.5,0.3,7.8
7,33,7.5,0.3,7.8
8,34,7.6,0.4,8.0
13,27,7.5,0.3,7.8
26,28,7.5,0.2,7.7
25,28,7.5,0.2,7.7
30,28,7.5,0.2,7.7
25,28,7.5,0.3,7.8
30,28,7.5,0.3,7.8
8,34,7.2,0.3,7.5
8,34,7.2,0.3,7.5
8,34,7.2,0.3,7.5
8,34,7.2,0.3,7.5
8,34,7.2,0.3,7.5
8,34,7.2,0.3,7.5
8,34,7.2,0.3,7.5
8,34,7.2,0.3,7.5
8,34,7.2,0.3,7.5
8,34,7.2,0.3,7.5
8,34,7.2,0.3,7.5
8,34,7.2,0.3,7.5
8,34,7.2,0.3,7.5
8,34,7.2,0.3,7.5
8,34,7.2,0.3,7.5
8,34,7.2,0.3,7.5
8,34,7.2,0.3,7.5
8,34,7.2,0.3,7.5
8,34,7.2,0.3,7.5
8,34,7.2,0.3,7.5
8,34,7.2,0.3,7.5
8,34,7.2,0.3,7.5
8,34,7.2,0.3,7.5
8,34,7.2,0.3,7.5
8,34,7.2,0.3,7.5
8,34,7.2,0.3,7.5
10,34,7.2,0.3,7.5
8,35,7.5,0.3,7.8
4,26,8.3,0.5,8.8
4,26,8.3,0.5,8.8
7,33,7.2,0.3,7.5
16,29,8.0,0.3,8.3
20,27,8.2,0.3,8.5
20,27,8.2,0.3,8.5
25,29,7.5,0.3,7.8
8,35,7.2,0.3,7.5
9,27,8.3,0.0,8.3
26,28,7.8,0.2,8.0
3,18,8.3,0.3,8.600000000000001
17,34,7.0,0.2,7.2
17,34,7.0,0.2,7.2
17,34,7.0,0.2,7.2
17,34,7.0,0.2,7.2
10,33,6.5,0.2,6.7
10,33,6.5,0.2,6.7
11,26,7.9,0.0,7.9
11,26,7.9,0.0,7.9
5,26,7.6,0.5,8.1
28,32,7.8,0.3,8.1
24,32,7.8,0.3,8.1
14,26,7.8,0.2,8.0
10,30,7.2,0.0,7.2
10,33,6.3,0.2,6.5
10,33,6.3,0.2,6.5
7,30,7.5,0.0,7.5
6,35,6.7,0.3,7.0
20,33,7.5,0.2,7.7
14,27,7.8,0.2,8.0
17,26,7.5,0.3,7.8
17,26,7.5,0.3,7.8
16,26,7.5,0.3,7.8
16,26,7.5,0.3,7.8
16,26,7.5,0.3,7.8
16,26,7.5,0.3,7.8
16,26,7.5,0.3,7.8
16,26,7.5,0.3,7.8
12,33,7.6,0.4,8.0
10,25,9.0,0.0,9.0
20,31,7.2,0.35,7.55
20,31,7.2,0.35,7.55
20,31,7.2,0.35,7.55
20,31,7.2,0.35,7.55
20,31,7.2,0.35,7.55
20,31,7.2,0.35,7.55
20,31,7.2,0.35,7.55
20,31,7.2,0.35,7.55
20,31,7.2,0.35,7.55
20,31,7.2,0.35,7.55
20,31,7.2,0.35,7.55
12,33,7.7,0.3,8.0
12,33,7.7,0.3,8.0
12,33,7.7,0.3,8.0
12,33,7.7,0.3,8.0
12,33,7.7,0.3,8.0
12,33,7.7,0.3,8.0
12,33,7.7,0.3,8.0
12,33,7.7,0.3,8.0
12,33,7.7,0.4,8.1
27,27,8.4,0.4,8.8
14,27,7.0,0.3,7.3
10,34,6.2,0.0,6.2
7,31,7.6,0.2,7.8
12,42,5.7,0.1,5.8
15,26,7.8,0.2,8.0
15,26,7.8,0.2,8.0
15,26,7.8,0.2,8.0
7,28,8.3,0.5,8.8
7,28,8.3,0.5,8.8
12,27,7.8,0.0,7.8
12,27,7.8,0.0,7.8
12,27,7.8,0.0,7.8
10,31,6.9,0.2,7.1000000000000005
8,33,7.2,0.3,7.5
8,33,7.2,0.3,7.5
12,27,7.0,0.3,7.3
12,27,7.0,0.3,7.3
12,27,7.0,0.3,7.3
4,16,11.2,0.6,11.799999999999999
18,33,7.2,0.3,7.5
18,33,7.2,0.3,7.5
18,33,7.2,0.3,7.5
18,33,7.2,0.3,7.5
8,34,7.5,0.0,7.5
8,34,7.5,0.0,7.5
8,34,7.5,0.0,7.5
8,34,7.5,0.0,7.5
29,34,7.5,0.3,7.8
30,34,7.5,0.3,7.8
39,24,8.0,0.4,8.4
13,28,8.5,0.0,8.5
13,28,8.5,0.0,8.5
13,28,8.5,0.0,8.5
13,28,8.5,0.0,8.5
13,28,8.5,0.0,8.5
13,28,8.5,0.0,8.5
13,28,8.5,0.0,8.5
13,28,8.5,0.0,8.5
4,26,9.2,0.3,9.5
10,33,7.7,0.0,7.7
20,28,8.8,0.5,9.3
14,27,6.5,0.2,6.7
14,27,6.5,0.2,6.7
14,27,6.5,0.2,6.7
20,34,7.0,0.0,7.0
20,34,7.0,0.0,7.0
20,34,7.0,0.0,7.0
9,34,7.0,0.3,7.3
10,34,7.5,0.0,7.5
10,33,7.1,0.3,7.3999999999999995
10,33,7.1,0.3,7.3999999999999995
13,27,7.4,0.55,7.95
13,27,7.4,0.55,7.95
13,27,7.4,0.55,7.95
13,27,7.4,0.55,7.95
13,27,7.4,0.55,7.95
13,27,7.4,0.55,7.95
13,27,7.4,0.55,7.95
13,27,7.4,0.55,7.95
13,27,7.4,0.55,7.95
13,27,7.4,0.55,7.95
13,27,7.4,0.55,7.95
13,27,7.4,0.55,7.95
13,27,7.4,0.55,7.95
13,27,7.4,0.55,7.95
13,27,7.4,0.55,7.95
13,27,7.4,0.55,7.95
13,27,7.4,0.55,7.95
13,27,7.4,0.55,7.95
13,27,7.4,0.55,7.95
21,28,6.5,0.3,6.8
41,34,7.3,0.0,7.3
41,34,7.3,0.0,7.3
12,27,6.8,0.3,7.1
12,27,6.8,0.3,7.1
12,27,6.8,0.3,7.1
10,33,7.8,0.0,7.8
10,33,7.8,0.0,7.8
10,33,7.8,0.0,7.8
10,33,7.8,0.0,7.8
10,33,7.8,0.0,7.8
10,33,7.8,0.0,7.8
10,33,7.8,0.0,7.8
10,33,7.8,0.0,7.8
11,26,8.8,0.5,9.3
11,32,7.5,0.2,7.7
19,31,6.6,0.3,6.8999999999999995
18,31,6.6,0.3,6.8999999999999995
4,35,7.1,0.0,7.1
4,35,7.1,0.0,7.1
4,35,7.1,0.0,7.1
4,35,7.1,0.0,7.1
4,35,7.1,0.0,7.1
4,35,7.1,0.0,7.1
4,35,7.1,0.0,7.1
4,35,7.1,0.0,7.1
4,35,7.1,0.0,7.1
4,25,10.0,0.3,10.3
4,25,10.0,0.3,10.3
4,25,10.0,0.3,10.3
12,28,7.0,0.2,7.2
12,30,7.5,0.5,8.0
12,30,7.5,0.5,8.0
12,30,7.5,0.5,8.0
12,30,7.5,0.5,8.0
12,30,7.5,0.5,8.0
12,30,7.5,0.5,8.0
12,30,7.5,0.5,8.0
12,30,7.5,0.5,8.0
12,30,7.5,0.5,8.0
12,30,7.5,0.5,8.0
12,30,7.5,0.5,8.0
12,30,7.5,0.5,8.0
12,30,7.5,0.5,8.0
2,24,8.2,0.3,8.5
4,34,6.8,0.2,7.0
16,27,7.8,0.3,8.1
13,28,7.4,0.55,7.95
13,28,7.4,0.55,7.95
3,27,7.0,0.5,7.5
15,28,8.0,0.3,8.3
15,28,8.0,0.3,8.3
15,28,8.0,0.3,8.3
15,28,8.0,0.3,8.3
15,28,8.0,0.3,8.3
4,26,8.5,0.3,8.8
9,35,6.8,0.0,6.8
12,33,6.7,0.0,6.7
12,33,6.7,0.0,6.7
10,30,8.8,0.3,9.100000000000001
10,30,8.8,0.3,9.100000000000001
10,30,8.8,0.3,9.100000000000001
10,30,8.8,0.3,9.100000000000001
6,32,7.9,0.0,7.9
6,34,7.5,0.0,7.5
6,34,7.5,0.0,7.5
15,27,6.5,0.2,6.7
15,27,6.5,0.2,6.7
15,27,6.5,0.2,6.7
11,33,7.1,0.3,7.3999999999999995
9,32,6.0,0.3,6.3
9,32,6.0,0.3,6.3
9,32,6.0,0.3,6.3
9,32,6.0,0.3,6.3
9,32,6.0,0.3,6.3
9,32,6.0,0.3,6.3
25,37,7.5,0.3,7.8
5,28,8.6,0.3,8.9
8,34,6.7,0.0,6.7
8,34,6.7,0.0,6.7
8,34,6.7,0.0,6.7
10,35,7.0,0.3,7.3
22,28,6.5,0.3,6.8
15,29,8.0,0.2,8.2
10,33,6.5,0.2,6.7
10,33,6.5,0.2,6.7
10,33,6.5,0.2,6.7
5,32,7.7,0.3,8.0
12,26,8.8,0.5,9.3
13,28,7.0,0.0,7.0
4,30,7.0,0.0,7.0
12,32,7.5,0.2,7.7
16,32,9.0,0.3,9.3
16,32,9.0,0.3,9.3
16,32,9.0,0.3,9.3
16,32,9.0,0.3,9.3
16,32,9.0,0.3,9.3
16,32,9.0,0.3,9.3
13,28,7.0,0.2,7.2
2,31,7.1,0.0,7.1
9,20,11.7,0.7,12.399999999999999
9,20,11.7,0.7,12.399999999999999
9,20,11.7,0.7,12.399999999999999
9,20,11.7,0.7,12.399999999999999
9,20,11.7,0.7,12.399999999999999
9,20,11.7,0.7,12.399999999999999
9,20,11.7,0.7,12.399999999999999
12,31,5.3,0.2,5.5
12,31,5.3,0.2,5.5
12,31,5.3,0.2,5.5
12,31,5.3,0.2,5.5
12,31,5.3,0.2,5.5
12,31,5.3,0.2,5.5
12,31,5.3,0.2,5.5
12,31,5.3,0.2,5.5
10,39,6.2,0.2,6.4
8,33,6.3,0.2,6.5
8,33,6.3,0.2,6.5
8,33,6.3,0.2,6.5
8,33,6.3,0.2,6.5
8,33,6.3,0.2,6.5
8,33,6.3,0.2,6.5
8,33,6.3,0.2,6.5
8,36,7.9,0.3,8.200000000000001
8,36,7.9,0.3,8.200000000000001
8,36,7.9,0.3,8.200000000000001
12,28,8.6,0.3,8.9
10,34,6.5,0.2,6.7
10,34,6.5,0.2,6.7
13,28,6.8,0.0,6.8
13,28,6.8,0.0,6.8
10,36,7.9,0.3,8.200000000000001
12,33,7.5,0.0,7.5
43,34,5.8,0.5,6.3
38,34,5.8,0.5,6.3
12,31,6.9,0.2,7.1000000000000005
12,31,6.9,0.2,7.1000000000000005
12,28,8.7,0.3,9.0
12,28,8.7,0.3,9.0
11,30,8.8,0.3,9.100000000000001
11,30,8.8,0.3,9.100000000000001
11,30,8.8,0.3,9.100000000000001
11,30,8.8,0.3,9.100000000000001
11,30,8.8,0.3,9.100000000000001
14,27,7.9,0.5,8.4
14,27,7.9,0.5,8.4
14,27,7.9,0.5,8.4
14,27,7.9,0.5,8.4
13,34,8.5,0.0,8.5
12,33,7.7,0.5,8.2
12,33,7.7,0.5,8.2
12,33,7.7,0.5,8.2
12,33,7.7,0.5,8.2
12,33,7.7,0.5,8.2
12,33,7.7,0.5,8.2
12,33,7.7,0.5,8.2
12,33,7.7,0.5,8.2
15,35,5.9,0.0,5.9
15,35,5.9,0.0,5.9
21,20,8.9,0.7,9.6
14,28,7.7,0.3,8.0
7,34,8.3,0.9,9.200000000000001
10,45,7.2,0.2,7.4
13,31,6.5,0.4,6.9
4,31,8.1,0.0,8.1
14,14,10.5,0.5,11.0
6,32,8.5,0.3,8.8
16,29,8.0,0.3,8.3
16,29,8.0,0.3,8.3
16,29,8.0,0.3,8.3
16,29,8.0,0.3,8.3
16,29,8.0,0.3,8.3
16,29,8.0,0.3,8.3
16,29,8.0,0.3,8.3
16,29,8.0,0.3,8.3
16,29,8.0,0.3,8.3
20,25,9.0,0.3,9.3
8,38,7.0,0.3,7.3
11,36,7.7,0.3,8.0
23,28,6.5,0.3,6.8
11,33,8.4,0.3,8.700000000000001
7,34,8.5,0.9,9.4
11,35,8.0,0.0,8.0
11,35,8.0,0.0,8.0
33,33,7.9,0.4,8.3
13,31,7.8,0.3,8.1
12,33,8.0,0.5,8.5
12,33,8.0,0.5,8.5
44,27,8.2,0.2,8.399999999999999
10,36,8.4,0.3,8.700000000000001
10,36,8.4,0.3,8.700000000000001
10,36,8.4,0.3,8.700000000000001
10,36,8.4,0.3,8.700000000000001
10,36,8.4,0.3,8.700000000000001
10,36,8.4,0.3,8.700000000000001
10,36,8.4,0.3,8.700000000000001
10,36,8.4,0.3,8.700000000000001
10,36,8.4,0.3,8.700000000000001
10,36,8.4,0.3,8.700000000000001
10,36,8.4,0.4,8.8
10,36,8.4,0.4,8.8
12,35,7.3,0.3,7.6
12,35,7.3,0.3,7.6
12,35,7.3,0.3,7.6
12,35,7.3,0.3,7.6
12,35,7.3,0.3,7.6
12,35,7.3,0.3,7.6
12,35,7.3,0.3,7.6
12,35,7.3,0.3,7.6
12,35,7.3,0.3,7.6
15,25,8.2,0.2,8.399999999999999
17,35,7.0,0.0,7.0
17,35,7.0,0.0,7.0
17,35,7.0,0.0,7.0
17,35,7.0,0.0,7.0
17,35,7.0,0.0,7.0
17,35,7.0,0.0,7.0
17,35,7.0,0.0,7.0
17,35,7.0,0.0,7.0
20,34,7.0,0.2,7.2
2,30,8.1,0.0,8.1
17,28,8.0,0.3,8.3
13,33,7.3,0.2,7.5
39,27,8.9,0.3,9.200000000000001
5,18,11.5,1.0,12.5
11,40,6.2,0.0,6.2
11,40,6.2,0.0,6.2
11,40,6.2,0.0,6.2
11,40,6.2,0.0,6.2
11,40,6.2,0.0,6.2
11,40,6.2,0.0,6.2
11,40,6.2,0.0,6.2
11,40,6.2,0.0,6.2
11,40,6.2,0.0,6.2
13,33,7.6,0.0,7.6
18,27,7.9,0.1,8.0
18,27,7.9,0.1,8.0
18,27,7.9,0.1,8.0
13,33,7.2,0.2,7.4
22,33,7.2,0.2,7.4
6,37,7.0,0.0,7.0
14,31,9.1,0.8,9.9
15,31,9.1,0.8,9.9
7,37,8.2,0.3,8.5
8,40,7.9,0.3,8.200000000000001
8,40,7.9,0.3,8.200000000000001
8,40,7.9,0.3,8.200000000000001
18,27,8.0,0.1,8.1
18,27,8.0,0.1,8.1
18,27,8.0,0.1,8.1
15,27,8.0,0.5,8.5
1,31,9.3,0.7,10.0
1,31,9.3,0.7,10.0
1,31,9.3,0.7,10.0
1,31,9.3,0.7,10.0
1,31,9.3,0.7,10.0
1,31,9.3,0.7,10.0
1,31,9.3,0.7,10.0
1,31,9.3,0.7,10.0
1,31,9.3,0.7,10.0
1,31,9.3,0.7,10.0
1,31,9.3,0.7,10.0
1,31,9.3,0.7,10.0
1,31,9.3,0.7,10.0
1,31,9.3,0.7,10.0
1,31,9.3,0.7,10.0
1,31,9.3,0.7,10.0
5,33,6.3,0.2,6.5
34,27,8.0,0.4,8.4
13,33,7.8,0.2,8.0
19,32,9.4,0.6,10.0
12,36,7.7,0.3,8.0
12,35,6.9,0.0,6.9
12,35,6.9,0.0,6.9
14,32,7.5,0.2,7.7
45,27,8.6,0.2,8.799999999999999
13,37,5.9,0.3,6.2
11,23,16.0,0.5,16.5
13,28,7.0,0.2,7.2
5,36,6.8,0.0,6.8
12,36,7.0,0.3,7.3
14,28,8.5,0.0,8.5
14,30,9.6,0.8,10.4
15,36,6.4,0.3,6.7
22,36,6.4,0.0,6.4
13,35,7.3,0.3,7.6
15,35,6.7,0.3,7.0
4,37,7.2,0.3,7.5
12,36,6.9,0.3,7.2
35,33,7.5,0.0,7.5
18,36,7.3,0.3,7.6
16,38,6.5,0.0,6.5
16,38,6.5,0.0,6.5
16,38,6.5,0.0,6.5
16,38,6.5,0.0,6.5
16,38,6.5,0.0,6.5
16,38,6.5,0.0,6.5
16,38,6.5,0.0,6.5
10,39,6.5,0.1,6.6
13,35,7.2,0.2,7.4
13,32,6.5,0.2,6.7
2,31,10.0,0.7,10.7
12,36,6.8,0.0,6.8
19,37,7.5,0.4,7.9
42,30,10.5,0.0,10.5
42,30,10.5,0.0,10.5
7,41,7.0,0.0,7.0
7,41,7.0,0.0,7.0
7,41,7.0,0.0,7.0
20,20,8.9,0.7,9.6
12,45,7.2,0.2,7.4
12,45,7.2,0.2,7.4
12,45,7.2,0.2,7.4
12,45,7.2,0.2,7.4
12,45,7.2,0.2,7.4
12,45,7.2,0.2,7.4
12,45,7.2,0.2,7.4
12,45,7.2,0.2,7.4
22,14,8.2,0.5,8.7
24,43,6.2,0.0,6.2
14,41,7.6,0.2,7.8
14,41,7.6,0.2,7.8
14,30,8.4,0.3,8.700000000000001
11,44,5.5,0.3,5.8
14,28,6.0,0.2,6.2
14,32,8.0,0.5,8.5
14,32,8.0,0.5,8.5
14,32,8.0,0.5,8.5
14,32,8.0,0.5,8.5
14,32,8.0,0.5,8.5
14,32,8.0,0.5,8.5
13,35,6.9,0.0,6.9
13,35,6.9,0.0,6.9
13,35,6.9,0.4,7.300000000000001
19,35,6.9,0.5,7.4
25,28,6.5,0.0,6.5
9,46,7.4,0.0,7.4
9,46,7.5,0.0,7.5
9,46,7.5,0.0,7.5
9,46,7.5,0.0,7.5
20,38,6.5,0.0,6.5
34,31,6.5,0.0,6.5
10,44,5.7,0.3,6.0
1,31,10.0,0.7,10.7
1,31,10.0,0.7,10.7
1,31,10.0,0.7,10.7
1,31,10.0,0.7,10.7
17,34,6.6,0.0,6.6
18,34,6.6,0.3,6.8999999999999995
18,34,6.6,0.3,6.8999999999999995
18,34,6.6,0.3,6.8999999999999995
15,31,7.8,0.3,8.1
20,34,6.2,0.3,6.5
14,41,7.8,0.2,8.0
14,41,7.8,0.2,8.0
14,41,7.8,0.2,8.0
13,36,7.0,0.3,7.3
13,36,7.0,0.3,7.3
13,36,7.0,0.3,7.3
12,36,6.5,0.0,6.5
13,35,6.8,0.3,7.1
12,36,8.4,0.3,8.700000000000001
11,38,6.3,0.0,6.3
25,32,6.2,0.35,6.55
9,46,7.2,0.0,7.2
9,46,7.2,0.0,7.2
13,36,6.9,0.3,7.2
13,36,6.9,0.3,7.2
12,39,7.0,0.0,7.0
10,44,5.5,0.3,5.8
10,44,5.5,0.3,5.8
10,44,5.5,0.3,5.8
17,29,6.0,0.3,6.3
30,31,8.0,0.4,8.4
19,31,6.3,0.3,6.6
19,31,6.3,0.3,6.6
19,31,6.3,0.3,6.6
19,31,6.3,0.3,6.6
19,31,6.3,0.3,6.6
19,31,6.3,0.3,6.6
19,31,6.3,0.3,6.6
19,31,6.3,0.3,6.6
19,31,6.3,0.3,6.6
19,31,6.3,0.3,6.6
19,31,6.3,0.3,6.6
19,31,6.3,0.3,6.6
19,31,6.3,0.3,6.6
19,31,6.3,0.3,6.6
11,38,6.2,0.0,6.2
17,27,7.9,0.5,8.4
17,27,7.9,0.5,8.4
17,27,7.9,0.5,8.4
17,27,7.9,0.5,8.4
17,27,7.9,0.5,8.4
17,27,7.9,0.5,8.4
17,27,7.9,0.5,8.4
17,27,7.9,0.5,8.4
17,27,7.9,0.5,8.4
17,27,7.9,0.5,8.4
12,34,5.8,0.1,5.8999999999999995
23,32,6.0,0.4,6.4
14,41,8.1,0.0,8.1
14,41,8.1,0.0,8.1
13,41,8.1,0.2,8.299999999999999
5,34,4.0,0.2,4.2
5,34,4.0,0.2,4.2
13,41,7.6,0.2,7.8
14,42,4.8,0.3,5.1
20,31,6.6,0.3,6.8999999999999995
15,32,6.8,0.0,6.8
32,27,8.1,0.4,8.5
2,29,6.2,0.6,6.8
14,35,6.8,0.0,6.8
14,35,6.8,0.0,6.8
2,34,8.7,0.5,9.2
15,41,7.8,0.2,8.0
15,41,7.8,0.2,8.0
15,41,7.8,0.2,8.0
13,41,7.8,0.2,8.0
15,41,7.8,0.2,8.0
16,29,6.5,0.0,6.5
16,29,6.5,0.0,6.5
16,29,6.5,0.0,6.5
16,29,6.5,0.0,6.5
16,29,6.5,0.0,6.5
16,29,6.5,0.0,6.5
16,29,6.5,0.0,6.5
16,29,6.5,0.0,6.5
16,29,6.5,0.0,6.5
16,29,6.5,0.0,6.5
16,29,6.5,0.0,6.5
16,29,6.5,0.0,6.5
16,29,6.5,0.0,6.5
12,39,6.5,0.5,7.0
33,40,7.95,0.32,8.27
19,11,9.3,0.8,10.100000000000001
19,39,6.0,0.0,6.0
19,39,6.0,0.0,6.0
19,39,6.0,0.0,6.0
19,39,6.0,0.0,6.0
19,39,6.0,0.0,6.0
19,39,6.0,0.0,6.0
19,39,6.0,0.0,6.0
19,39,6.0,0.0,6.0
13,37,6.5,0.3,6.8
13,37,6.5,0.3,6.8
10,49,6.0,0.2,6.2
12,39,6.3,0.0,6.3
12,39,6.3,0.0,6.3
12,39,6.3,0.0,6.3
12,39,6.3,0.0,6.3
16,27,8.0,0.5,8.5
10,43,6.0,0.0,6.0
10,43,6.0,0.0,6.0
19,39,6.0,0.0,6.0
10,49,5.8,0.2,6.0
18,31,6.6,0.3,6.8999999999999995
18,31,6.6,0.3,6.8999999999999995
18,31,6.6,0.3,6.8999999999999995
18,31,6.6,0.3,6.8999999999999995
20,31,6.6,0.3,6.8999999999999995
18,31,6.6,0.3,6.8999999999999995
20,31,6.6,0.3,6.8999999999999995
18,31,6.6,0.3,6.8999999999999995
20,31,6.6,0.3,6.8999999999999995
20,31,6.6,0.3,6.8999999999999995
18,31,6.6,0.3,6.8999999999999995
20,31,6.6,0.3,6.8999999999999995
19,31,6.6,0.3,6.8999999999999995
18,31,6.6,0.3,6.8999999999999995
20,31,6.6,0.3,6.8999999999999995
20,31,6.6,0.3,6.8999999999999995
4,45,6.71,0.22,6.93
4,46,6.89,0.22,7.109999999999999
10,48,6.9,0.0,6.9
15,34,6.5,0.2,6.7
15,34,6.5,0.2,6.7
9,42,5.2,0.1,5.3
17,39,6.0,0.0,6.0
12,44,5.5,0.3,5.8
12,44,5.5,0.3,5.8
12,44,5.5,0.3,5.8
12,44,5.5,0.3,5.8
12,44,5.5,0.3,5.8
12,44,5.5,0.3,5.8
12,44,5.5,0.3,5.8
12,44,5.5,0.3,5.8
12,44,5.5,0.3,5.8
11,49,6.0,0.2,6.2
7,45,6.3,0.2,6.5
15,36,6.8,0.1,6.8999999999999995
15,36,6.8,0.1,6.8999999999999995
15,36,6.8,0.1,6.8999999999999995
15,36,6.8,0.1,6.8999999999999995
14,36,6.2,0.1,6.3
14,36,6.2,0.1,6.3
14,36,6.2,0.1,6.3
14,36,6.2,0.1,6.3
14,36,6.2,0.1,6.3
14,36,6.2,0.1,6.3
14,36,6.2,0.1,6.3
14,36,6.2,0.1,6.3
14,36,6.2,0.1,6.3
14,36,6.2,0.1,6.3
14,36,6.2,0.1,6.3
14,36,6.2,0.1,6.3
14,36,6.2,0.1,6.3
14,36,6.2,0.1,6.3
14,36,6.2,0.1,6.3
14,36,6.2,0.1,6.3
17,31,6.7,0.0,6.7
2,44,6.67,0.22,6.89
16,36,5.7,0.3,6.0
22,33,6.0,0.3,6.3
3,31,7.1,0.0,7.1
4,47,7.4,0.5,7.9
7,43,5.5,0.1,5.6
7,43,5.5,0.1,5.6
7,43,5.5,0.1,5.6
4,39,5.5,0.0,5.5
12,50,6.3,0.2,6.5
22,33,5.7,0.3,6.0
28,33,6.2,0.0,6.2
20,38,6.2,0.0,6.2
17,34,6.9,0.0,6.9
17,34,6.9,0.0,6.9
3,47,7.4,0.5,7.9
3,47,7.4,0.5,7.9
19,36,6.8,0.1,6.8999999999999995
21,33,5.0,0.0,5.0
22,29,6.9,0.3,7.2
4,45,6.5,0.4,6.9
18,33,7.1,0.2,7.3
19,31,7.2,0.3,7.5
20,28,7.8,0.3,8.1
12,49,5.8,0.2,6.0
12,49,5.8,0.2,6.0
12,49,5.8,0.2,6.0
12,49,5.8,0.2,6.0
12,49,5.8,0.2,6.0
12,49,5.8,0.2,6.0
12,49,5.8,0.2,6.0
12,49,5.8,0.2,6.0
12,49,5.8,0.2,6.0
12,49,5.8,0.2,6.0
12,49,5.8,0.2,6.0
5,49,7.0,0.0,7.0
41,32,7.3,0.2,7.5
33,33,6.9,0.0,6.9
2,37,5.1,0.1,5.199999999999999
12,41,5.3,0.0,5.3
28,34,7.8,0.0,7.8
25,34,7.8,0.0,7.8
17,36,6.8,0.0,6.8
7,43,4.7,0.1,4.8
7,43,4.7,0.1,4.8
7,43,4.7,0.1,4.8
7,43,4.7,0.1,4.8
7,43,4.7,0.1,4.8
7,43,4.7,0.1,4.8
7,43,4.7,0.1,4.8
7,43,4.7,0.1,4.8
7,43,4.7,0.1,4.8
7,43,4.7,0.1,4.8
7,43,4.7,0.1,4.8
7,43,4.7,0.1,4.8
7,43,4.7,0.1,4.8
19,35,6.0,0.2,6.2
7,28,5.0,0.2,5.2
20,32,7.5,0.0,7.5
12,43,5.3,0.2,5.5
12,43,5.3,0.2,5.5
30,28,6.9,0.0,6.9
30,28,6.9,0.0,6.9
41,32,7.2,0.0,7.2
4,47,5.8,0.0,5.8
30,30,8.7,0.3,9.0
8,28,5.8,0.4,6.2
18,37,6.5,0.0,6.5
30,30,7.1,0.1,7.199999999999999
18,36,6.2,0.0,6.2
27,29,7.5,0.2,7.7
18,43,6.2,0.0,6.2
18,43,6.2,0.0,6.2
18,43,6.2,0.0,6.2
18,43,6.2,0.0,6.2
18,43,6.2,0.0,6.2
18,43,6.2,0.0,6.2
18,43,6.2,0.0,6.2
18,43,6.2,0.0,6.2
18,43,6.2,0.0,6.2
18,43,6.2,0.0,6.2
30,32,8.5,0.4,8.9
20,35,7.0,0.0,7.0
20,35,7.0,0.0,7.0
20,35,7.0,0.0,7.0
20,35,7.0,0.0,7.0
20,35,7.0,0.0,7.0
20,35,7.0,0.0,7.0
20,35,7.0,0.0,7.0
18,35,5.8,0.25,6.05
19,33,5.8,0.0,5.8
32,34,7.1,0.1,7.199999999999999
20,33,6.3,0.2,6.5
23,26,8.5,0.3,8.8
25,38,5.2,0.0,5.2
18,36,5.8,0.25,6.05
23,32,6.0,0.4,6.4
21,34,8.0,0.3,8.3
17,39,5.7,0.2,5.9
29,34,7.3,0.3,7.6
23,31,7.1,0.0,7.1
23,31,7.1,0.0,7.1
23,31,7.1,0.0,7.1
23,31,7.1,0.0,7.1
4,33,7.4,0.35,7.75
21,34,6.5,0.3,6.8
15,47,5.9,0.0,5.9
29,33,7.2,0.35,7.55
23,33,8.0,0.3,8.3
22,34,6.5,0.4,6.9
18,47,7.8,0.0,7.8
16,44,5.3,0.1,5.3999999999999995
16,44,5.3,0.1,5.3999999999999995
16,44,5.3,0.1,5.3999999999999995
16,44,5.3,0.1,5.3999999999999995
3,33,7.7,0.35,8.05
3,33,7.7,0.35,8.05
22,34,6.3,0.4,6.7
30,29,7.5,0.2,7.7
27,29,7.5,0.2,7.7
24,29,7.5,0.2,7.7
19,39,5.7,0.2,5.9
19,39,5.7,0.2,5.9
19,39,5.7,0.2,5.9
29,34,7.8,0.0,7.8
2,32,7.7,0.3,8.0
2,32,7.7,0.3,8.0
5,32,7.7,0.3,8.0
29,32,7.7,0.3,8.0
25,32,7.7,0.3,8.0
25,32,7.7,0.3,8.0
2,32,7.7,0.3,8.0
25,32,7.7,0.3,8.0
2,32,7.7,0.3,8.0
18,42,5.5,0.2,5.7
18,42,5.5,0.2,5.7
18,42,5.5,0.2,5.7
18,42,5.5,0.2,5.7
18,42,5.5,0.2,5.7
18,42,5.5,0.2,5.7
18,42,5.5,0.2,5.7
18,42,5.5,0.2,5.7
25,36,6.5,0.3,6.8
25,36,6.5,0.3,6.8
25,36,6.5,0.3,6.8
25,36,6.5,0.3,6.8
25,36,6.5,0.3,6.8
25,36,6.5,0.3,6.8
25,36,6.5,0.3,6.8
24,34,8.0,0.3,8.3
30,32,6.9,0.3,7.2
25,45,4.9,0.1,5.0
29,33,7.1,0.35,7.449999999999999
33,36,8.5,0.0,8.5
25,32,6.5,0.2,6.7
25,34,8.0,0.3,8.3
33,33,7.4,0.35,7.75
33,33,7.5,0.35,7.85
25,34,6.5,0.3,6.8
33,33,7.3,0.35,7.6499999999999995
1,33,7.7,0.35,8.05
33,33,7.7,0.35,8.05
33,33,7.7,0.35,8.05
24,30,10.0,0.0,10.0
25,27,10.2,0.8,11.0
33,33,7.9,0.35,8.25
33,33,7.4,0.35,7.75
28,34,7.8,0.0,7.8
22,42,6.0,0.2,6.2
33,33,7.7,0.35,8.05
3,28,5.8,0.3,6.1
2,36,6.5,0.3,6.8
2,33,8.0,0.3,8.3
1,33,7.7,0.35,8.05
1,33,7.7,0.35,8.05
1,33,7.7,0.35,8.05
1,33,7.9,0.35,8.25
5,27,10.2,0.8,11.0
4,44,6.71,0.22,6.93
4,45,6.71,0.22,6.93
4,45,6.71,0.22,6.93
4,45,6.65,0.22,6.87
3,44,6.67,0.22,6.89
2,36,4.9,0.3,5.2
